{
    "name": "§2Маршировать",
    "author": "§e_JIuc & levnemcev",
    "description": "Военные маршируют, командир радуется,а служба не дремлет! ",
    "emote":{
        "isLoop": "true",
        "returnTick": 34,
        "beginTick":34,
        "endTick":77,
        "stopTick":78,
        "degrees":false,
        "moves":[
            
            {
                "tick":33,
                "easing": "EASEINOUTQUAD",
                "turn": 0,
                "torso":{
                    "x":0.0
                }
            },
            {
                "tick":33,
                "easing": "EASEINOUTQUAD",
                "turn": 0,
                "torso":{
                    "z":-0.0
                }
            },
            {
                "tick":33,
                "easing": "EASEINOUTQUAD",
                "turn": 0,
                "torso":{
                    "y":0.0
                }
            },
            {
                "tick":33,
                "easing": "EASEINOUTQUAD",
                "turn": 0,
                "torso":{
                    "pitch":-0.0
                }
            },
            {
                "tick":33,
                "easing": "EASEINOUTQUAD",
                "turn": 0,
                "torso":{
                    "roll":0.0
                }
            },
            {
                "tick":33,
                "easing": "EASEINOUTQUAD",
                "turn": 0,
                "torso":{
                    "yaw":0.0
                }
            },
            {
                "tick":12,
                "easing": "EASEINOUTQUAD",
                "turn": 0,
                "torso":{
                    "bend":-0.0
                }
            },
            {
                "tick":16,
                "easing": "EASEINOUTQUAD",
                "turn": 0,
                "torso":{
                    "bend":-0.06108652427792549
                }
            },
            {
                "tick":17,
                "easing": "EASEINOUTQUAD",
                "turn": 0,
                "torso":{
                    "bend":-0.06108652427792549
                }
            },
            {
                "tick":22,
                "easing": "EASEINOUTQUAD",
                "turn": 0,
                "torso":{
                    "bend":-0.0
                }
            },
            {
                "tick":27,
                "easing": "EASEINOUTQUAD",
                "turn": 0,
                "torso":{
                    "bend":-0.06108652427792549
                }
            },
            {
                "tick":28,
                "easing": "EASEINOUTQUAD",
                "turn": 0,
                "torso":{
                    "bend":-0.0872664600610733
                }
            },
            {
                "tick":33,
                "easing": "EASEINOUTQUAD",
                "turn": 0,
                "torso":{
                    "bend":-0.0
                }
            },
            {
                "tick":34,
                "easing": "EASEINOUTQUAD",
                "turn": 0,
                "torso":{
                    "bend":-0.0
                }
            },
            {
                "tick":38,
                "easing": "EASEINOUTQUAD",
                "turn": 0,
                "torso":{
                    "bend":-0.06108652427792549
                }
            },
            {
                "tick":39,
                "easing": "EASEINOUTQUAD",
                "turn": 0,
                "torso":{
                    "bend":-0.0872664600610733
                }
            },
            {
                "tick":44,
                "easing": "EASEINOUTQUAD",
                "turn": 0,
                "torso":{
                    "bend":-0.0
                }
            },
            {
                "tick":49,
                "easing": "EASEINOUTQUAD",
                "turn": 0,
                "torso":{
                    "bend":-0.06108652427792549
                }
            },
            {
                "tick":50,
                "easing": "EASEINOUTQUAD",
                "turn": 0,
                "torso":{
                    "bend":-0.0872664600610733
                }
            },
            {
                "tick":55,
                "easing": "EASEINOUTQUAD",
                "turn": 0,
                "torso":{
                    "bend":-0.0
                }
            },
            {
                "tick":60,
                "easing": "EASEINOUTQUAD",
                "turn": 0,
                "torso":{
                    "bend":-0.06108652427792549
                }
            },
            {
                "tick":61,
                "easing": "EASEINOUTQUAD",
                "turn": 0,
                "torso":{
                    "bend":-0.0872664600610733
                }
            },
            {
                "tick":66,
                "easing": "EASEINOUTQUAD",
                "turn": 0,
                "torso":{
                    "bend":-0.0
                }
            },
            {
                "tick":71,
                "easing": "EASEINOUTQUAD",
                "turn": 0,
                "torso":{
                    "bend":-0.06108652427792549
                }
            },
            {
                "tick":72,
                "easing": "EASEINOUTQUAD",
                "turn": 0,
                "torso":{
                    "bend":-0.0872664600610733
                }
            },
            {
                "tick":77,
                "easing": "EASEINOUTQUAD",
                "turn": 0,
                "torso":{
                    "bend":-0.0
                }
            },
            {
                "tick":3,
                "easing": "EASEINOUTQUAD",
                "turn": 0,
                "rightArm":{
                    "x":-5.0
                }
            },
            {
                "tick":12,
                "easing": "EASEINOUTQUAD",
                "turn": 0,
                "rightArm":{
                    "x":-5.861054420471191
                }
            },
            {
                "tick":17,
                "easing": "EASEINOUTQUAD",
                "turn": 0,
                "rightArm":{
                    "x":-5.681575775146484
                }
            },
            {
                "tick":18,
                "easing": "EASEINOUTQUAD",
                "turn": 0,
                "rightArm":{
                    "x":-5.681575775146484
                }
            },
            {
                "tick":23,
                "easing": "EASEINOUTQUAD",
                "turn": 0,
                "rightArm":{
                    "x":-5.861054420471191
                }
            },
            {
                "tick":34,
                "easing": "EASEINOUTQUAD",
                "turn": 0,
                "rightArm":{
                    "x":-5.861054420471191
                }
            },
            {
                "tick":39,
                "easing": "EASEINOUTQUAD",
                "turn": 0,
                "rightArm":{
                    "x":-5.681575775146484
                }
            },
            {
                "tick":40,
                "easing": "EASEINOUTQUAD",
                "turn": 0,
                "rightArm":{
                    "x":-5.681575775146484
                }
            },
            {
                "tick":50,
                "easing": "EASEINOUTQUAD",
                "turn": 0,
                "rightArm":{
                    "x":-5.0
                }
            },
            {
                "tick":51,
                "easing": "EASEINOUTQUAD",
                "turn": 0,
                "rightArm":{
                    "x":-5.0
                }
            },
            {
                "tick":61,
                "easing": "EASEINOUTQUAD",
                "turn": 0,
                "rightArm":{
                    "x":-5.681575775146484
                }
            },
            {
                "tick":62,
                "easing": "EASEINOUTQUAD",
                "turn": 0,
                "rightArm":{
                    "x":-5.681575775146484
                }
            },
            {
                "tick":72,
                "easing": "EASEINOUTQUAD",
                "turn": 0,
                "rightArm":{
                    "x":-5.0
                }
            },
            {
                "tick":73,
                "easing": "EASEINOUTQUAD",
                "turn": 0,
                "rightArm":{
                    "x":-5.0
                }
            },
            {
                "tick":77,
                "easing": "EASEINOUTQUAD",
                "turn": 0,
                "rightArm":{
                    "x":-5.861054420471191
                }
            },
            {
                "tick":3,
                "easing": "EASEINOUTQUAD",
                "turn": 0,
                "rightArm":{
                    "z":-0.0
                }
            },
            {
                "tick":12,
                "easing": "EASEINOUTQUAD",
                "turn": 0,
                "rightArm":{
                    "z":0.8366526961326599
                }
            },
            {
                "tick":17,
                "easing": "EASEINOUTQUAD",
                "turn": 0,
                "rightArm":{
                    "z":0.3373471200466156
                }
            },
            {
                "tick":18,
                "easing": "EASEINOUTQUAD",
                "turn": 0,
                "rightArm":{
                    "z":0.3373471200466156
                }
            },
            {
                "tick":23,
                "easing": "EASEINOUTQUAD",
                "turn": 0,
                "rightArm":{
                    "z":0.8366526961326599
                }
            },
            {
                "tick":34,
                "easing": "EASEINOUTQUAD",
                "turn": 0,
                "rightArm":{
                    "z":0.8366526961326599
                }
            },
            {
                "tick":39,
                "easing": "EASEINOUTQUAD",
                "turn": 0,
                "rightArm":{
                    "z":0.3373471200466156
                }
            },
            {
                "tick":40,
                "easing": "EASEINOUTQUAD",
                "turn": 0,
                "rightArm":{
                    "z":0.3373471200466156
                }
            },
            {
                "tick":50,
                "easing": "EASEINOUTQUAD",
                "turn": 0,
                "rightArm":{
                    "z":-0.0
                }
            },
            {
                "tick":51,
                "easing": "EASEINOUTQUAD",
                "turn": 0,
                "rightArm":{
                    "z":-0.0
                }
            },
            {
                "tick":61,
                "easing": "EASEINOUTQUAD",
                "turn": 0,
                "rightArm":{
                    "z":0.3373471200466156
                }
            },
            {
                "tick":62,
                "easing": "EASEINOUTQUAD",
                "turn": 0,
                "rightArm":{
                    "z":0.3373471200466156
                }
            },
            {
                "tick":72,
                "easing": "EASEINOUTQUAD",
                "turn": 0,
                "rightArm":{
                    "z":-0.0
                }
            },
            {
                "tick":73,
                "easing": "EASEINOUTQUAD",
                "turn": 0,
                "rightArm":{
                    "z":-0.0
                }
            },
            {
                "tick":77,
                "easing": "EASEINOUTQUAD",
                "turn": 0,
                "rightArm":{
                    "z":0.8366526961326599
                }
            },
            {
                "tick":3,
                "easing": "EASEINOUTQUAD",
                "turn": 0,
                "rightArm":{
                    "y":2.0
                }
            },
            {
                "tick":12,
                "easing": "EASEINOUTQUAD",
                "turn": 0,
                "rightArm":{
                    "y":2.0
                }
            },
            {
                "tick":17,
                "easing": "EASEINOUTQUAD",
                "turn": 0,
                "rightArm":{
                    "y":1.9793672561645508
                }
            },
            {
                "tick":18,
                "easing": "EASEINOUTQUAD",
                "turn": 0,
                "rightArm":{
                    "y":1.9793672561645508
                }
            },
            {
                "tick":23,
                "easing": "EASEINOUTQUAD",
                "turn": 0,
                "rightArm":{
                    "y":2.0
                }
            },
            {
                "tick":34,
                "easing": "EASEINOUTQUAD",
                "turn": 0,
                "rightArm":{
                    "y":2.0
                }
            },
            {
                "tick":39,
                "easing": "EASEINOUTQUAD",
                "turn": 0,
                "rightArm":{
                    "y":1.9793672561645508
                }
            },
            {
                "tick":40,
                "easing": "EASEINOUTQUAD",
                "turn": 0,
                "rightArm":{
                    "y":1.9793672561645508
                }
            },
            {
                "tick":50,
                "easing": "EASEINOUTQUAD",
                "turn": 0,
                "rightArm":{
                    "y":2.0
                }
            },
            {
                "tick":51,
                "easing": "EASEINOUTQUAD",
                "turn": 0,
                "rightArm":{
                    "y":2.0
                }
            },
            {
                "tick":61,
                "easing": "EASEINOUTQUAD",
                "turn": 0,
                "rightArm":{
                    "y":1.9793672561645508
                }
            },
            {
                "tick":62,
                "easing": "EASEINOUTQUAD",
                "turn": 0,
                "rightArm":{
                    "y":1.9793672561645508
                }
            },
            {
                "tick":72,
                "easing": "EASEINOUTQUAD",
                "turn": 0,
                "rightArm":{
                    "y":2.0
                }
            },
            {
                "tick":73,
                "easing": "EASEINOUTQUAD",
                "turn": 0,
                "rightArm":{
                    "y":2.0
                }
            },
            {
                "tick":77,
                "easing": "EASEINOUTQUAD",
                "turn": 0,
                "rightArm":{
                    "y":2.0
                }
            },
            {
                "tick":3,
                "easing": "EASEINOUTQUAD",
                "turn": 0,
                "rightArm":{
                    "pitch":-0.0
                }
            },
            {
                "tick":12,
                "easing": "EASEINOUTQUAD",
                "turn": 0,
                "rightArm":{
                    "pitch":-1.5707963705062866
                }
            },
            {
                "tick":17,
                "easing": "EASEINOUTQUAD",
                "turn": 0,
                "rightArm":{
                    "pitch":-1.5707963705062866
                }
            },
            {
                "tick":18,
                "easing": "EASEINOUTQUAD",
                "turn": 0,
                "rightArm":{
                    "pitch":-1.5707963705062866
                }
            },
            {
                "tick":23,
                "easing": "EASEINOUTQUAD",
                "turn": 0,
                "rightArm":{
                    "pitch":-1.5707963705062866
                }
            },
            {
                "tick":28,
                "easing": "EASEINOUTQUAD",
                "turn": 0,
                "rightArm":{
                    "pitch":-1.3439035415649414
                }
            },
            {
                "tick":29,
                "easing": "EASEINOUTQUAD",
                "turn": 0,
                "rightArm":{
                    "pitch":-1.3439035415649414
                }
            },
            {
                "tick":34,
                "easing": "EASEINOUTQUAD",
                "turn": 0,
                "rightArm":{
                    "pitch":-1.5707963705062866
                }
            },
            {
                "tick":39,
                "easing": "EASEINOUTQUAD",
                "turn": 0,
                "rightArm":{
                    "pitch":-1.5707963705062866
                }
            },
            {
                "tick":40,
                "easing": "EASEINOUTQUAD",
                "turn": 0,
                "rightArm":{
                    "pitch":-1.5707963705062866
                }
            },
            {
                "tick":50,
                "easing": "EASEINOUTQUAD",
                "turn": 0,
                "rightArm":{
                    "pitch":-1.3439035415649414
                }
            },
            {
                "tick":51,
                "easing": "EASEINOUTQUAD",
                "turn": 0,
                "rightArm":{
                    "pitch":-1.3439035415649414
                }
            },
            {
                "tick":61,
                "easing": "EASEINOUTQUAD",
                "turn": 0,
                "rightArm":{
                    "pitch":-1.5707963705062866
                }
            },
            {
                "tick":62,
                "easing": "EASEINOUTQUAD",
                "turn": 0,
                "rightArm":{
                    "pitch":-1.5707963705062866
                }
            },
            {
                "tick":72,
                "easing": "EASEINOUTQUAD",
                "turn": 0,
                "rightArm":{
                    "pitch":-1.3439035415649414
                }
            },
            {
                "tick":73,
                "easing": "EASEINOUTQUAD",
                "turn": 0,
                "rightArm":{
                    "pitch":-1.3439035415649414
                }
            },
            {
                "tick":77,
                "easing": "EASEINOUTQUAD",
                "turn": 0,
                "rightArm":{
                    "pitch":-1.5707963705062866
                }
            },
            {
                "tick":3,
                "easing": "EASEINOUTQUAD",
                "turn": 0,
                "rightArm":{
                    "roll":-0.0
                }
            },
            {
                "tick":12,
                "easing": "EASEINOUTQUAD",
                "turn": 0,
                "rightArm":{
                    "roll":2.0860047340393066
                }
            },
            {
                "tick":17,
                "easing": "EASEINOUTQUAD",
                "turn": 0,
                "rightArm":{
                    "roll":2.4434609413146973
                }
            },
            {
                "tick":18,
                "easing": "EASEINOUTQUAD",
                "turn": 0,
                "rightArm":{
                    "roll":2.4434609413146973
                }
            },
            {
                "tick":23,
                "easing": "EASEINOUTQUAD",
                "turn": 0,
                "rightArm":{
                    "roll":2.0860047340393066
                }
            },
            {
                "tick":28,
                "easing": "EASEINOUTQUAD",
                "turn": 0,
                "rightArm":{
                    "roll":1.5707963705062866
                }
            },
            {
                "tick":29,
                "easing": "EASEINOUTQUAD",
                "turn": 0,
                "rightArm":{
                    "roll":1.5707963705062866
                }
            },
            {
                "tick":34,
                "easing": "EASEINOUTQUAD",
                "turn": 0,
                "rightArm":{
                    "roll":2.0860047340393066
                }
            },
            {
                "tick":39,
                "easing": "EASEINOUTQUAD",
                "turn": 0,
                "rightArm":{
                    "roll":2.4434609413146973
                }
            },
            {
                "tick":40,
                "easing": "EASEINOUTQUAD",
                "turn": 0,
                "rightArm":{
                    "roll":2.4434609413146973
                }
            },
            {
                "tick":50,
                "easing": "EASEINOUTQUAD",
                "turn": 0,
                "rightArm":{
                    "roll":1.5707963705062866
                }
            },
            {
                "tick":51,
                "easing": "EASEINOUTQUAD",
                "turn": 0,
                "rightArm":{
                    "roll":1.5707963705062866
                }
            },
            {
                "tick":61,
                "easing": "EASEINOUTQUAD",
                "turn": 0,
                "rightArm":{
                    "roll":2.4434609413146973
                }
            },
            {
                "tick":62,
                "easing": "EASEINOUTQUAD",
                "turn": 0,
                "rightArm":{
                    "roll":2.4434609413146973
                }
            },
            {
                "tick":72,
                "easing": "EASEINOUTQUAD",
                "turn": 0,
                "rightArm":{
                    "roll":1.5707963705062866
                }
            },
            {
                "tick":73,
                "easing": "EASEINOUTQUAD",
                "turn": 0,
                "rightArm":{
                    "roll":1.5707963705062866
                }
            },
            {
                "tick":77,
                "easing": "EASEINOUTQUAD",
                "turn": 0,
                "rightArm":{
                    "roll":2.0860047340393066
                }
            },
            {
                "tick":3,
                "easing": "EASEINOUTQUAD",
                "turn": 0,
                "rightArm":{
                    "yaw":-0.0
                }
            },
            {
                "tick":12,
                "easing": "EASEINOUTQUAD",
                "turn": 0,
                "rightArm":{
                    "yaw":-1.0471975803375244
                }
            },
            {
                "tick":17,
                "easing": "EASEINOUTQUAD",
                "turn": 0,
                "rightArm":{
                    "yaw":-1.0471975803375244
                }
            },
            {
                "tick":18,
                "easing": "EASEINOUTQUAD",
                "turn": 0,
                "rightArm":{
                    "yaw":-1.0471975803375244
                }
            },
            {
                "tick":23,
                "easing": "EASEINOUTQUAD",
                "turn": 0,
                "rightArm":{
                    "yaw":-1.0471975803375244
                }
            },
            {
                "tick":28,
                "easing": "EASEINOUTQUAD",
                "turn": 0,
                "rightArm":{
                    "yaw":-0.7853981852531433
                }
            },
            {
                "tick":29,
                "easing": "EASEINOUTQUAD",
                "turn": 0,
                "rightArm":{
                    "yaw":-0.7853981852531433
                }
            },
            {
                "tick":34,
                "easing": "EASEINOUTQUAD",
                "turn": 0,
                "rightArm":{
                    "yaw":-1.0471975803375244
                }
            },
            {
                "tick":39,
                "easing": "EASEINOUTQUAD",
                "turn": 0,
                "rightArm":{
                    "yaw":-1.0471975803375244
                }
            },
            {
                "tick":40,
                "easing": "EASEINOUTQUAD",
                "turn": 0,
                "rightArm":{
                    "yaw":-1.0471975803375244
                }
            },
            {
                "tick":50,
                "easing": "EASEINOUTQUAD",
                "turn": 0,
                "rightArm":{
                    "yaw":-0.7853981852531433
                }
            },
            {
                "tick":51,
                "easing": "EASEINOUTQUAD",
                "turn": 0,
                "rightArm":{
                    "yaw":-0.7853981852531433
                }
            },
            {
                "tick":61,
                "easing": "EASEINOUTQUAD",
                "turn": 0,
                "rightArm":{
                    "yaw":-1.0471975803375244
                }
            },
            {
                "tick":62,
                "easing": "EASEINOUTQUAD",
                "turn": 0,
                "rightArm":{
                    "yaw":-1.0471975803375244
                }
            },
            {
                "tick":72,
                "easing": "EASEINOUTQUAD",
                "turn": 0,
                "rightArm":{
                    "yaw":-0.7853981852531433
                }
            },
            {
                "tick":73,
                "easing": "EASEINOUTQUAD",
                "turn": 0,
                "rightArm":{
                    "yaw":-0.7853981852531433
                }
            },
            {
                "tick":77,
                "easing": "EASEINOUTQUAD",
                "turn": 0,
                "rightArm":{
                    "yaw":-1.0471975803375244
                }
            },
            {
                "tick":3,
                "easing": "EASEINOUTQUAD",
                "turn": 0,
                "rightArm":{
                    "bend":-0.0
                }
            },
            {
                "tick":12,
                "easing": "EASEINOUTQUAD",
                "turn": 0,
                "rightArm":{
                    "bend":-0.4363323152065277
                }
            },
            {
                "tick":17,
                "easing": "EASEINOUTQUAD",
                "turn": 0,
                "rightArm":{
                    "bend":-0.13341756165027618
                }
            },
            {
                "tick":18,
                "easing": "EASEINOUTQUAD",
                "turn": 0,
                "rightArm":{
                    "bend":-0.13341756165027618
                }
            },
            {
                "tick":28,
                "easing": "EASEINOUTQUAD",
                "turn": 0,
                "rightArm":{
                    "bend":-1.2217304706573486
                }
            },
            {
                "tick":29,
                "easing": "EASEINOUTQUAD",
                "turn": 0,
                "rightArm":{
                    "bend":-1.2217304706573486
                }
            },
            {
                "tick":34,
                "easing": "EASEINOUTQUAD",
                "turn": 0,
                "rightArm":{
                    "bend":-0.6775740385055542
                }
            },
            {
                "tick":39,
                "easing": "EASEINOUTQUAD",
                "turn": 0,
                "rightArm":{
                    "bend":-0.13341756165027618
                }
            },
            {
                "tick":40,
                "easing": "EASEINOUTQUAD",
                "turn": 0,
                "rightArm":{
                    "bend":-0.13341756165027618
                }
            },
            {
                "tick":50,
                "easing": "EASEINOUTQUAD",
                "turn": 0,
                "rightArm":{
                    "bend":-1.2217304706573486
                }
            },
            {
                "tick":51,
                "easing": "EASEINOUTQUAD",
                "turn": 0,
                "rightArm":{
                    "bend":-1.2217304706573486
                }
            },
            {
                "tick":61,
                "easing": "EASEINOUTQUAD",
                "turn": 0,
                "rightArm":{
                    "bend":-0.13341756165027618
                }
            },
            {
                "tick":62,
                "easing": "EASEINOUTQUAD",
                "turn": 0,
                "rightArm":{
                    "bend":-0.13341756165027618
                }
            },
            {
                "tick":72,
                "easing": "EASEINOUTQUAD",
                "turn": 0,
                "rightArm":{
                    "bend":-1.2217304706573486
                }
            },
            {
                "tick":73,
                "easing": "EASEINOUTQUAD",
                "turn": 0,
                "rightArm":{
                    "bend":-1.2217304706573486
                }
            },
            {
                "tick":77,
                "easing": "EASEINOUTQUAD",
                "turn": 0,
                "rightArm":{
                    "bend":-0.6775740385055542
                }
            },
            {
                "tick":3,
                "easing": "EASEINOUTQUAD",
                "turn": 0,
                "leftArm":{
                    "x":5.0
                }
            },
            {
                "tick":12,
                "easing": "EASEINOUTQUAD",
                "turn": 0,
                "leftArm":{
                    "x":5.824329853057861
                }
            },
            {
                "tick":17,
                "easing": "EASEINOUTQUAD",
                "turn": 0,
                "leftArm":{
                    "x":5.0
                }
            },
            {
                "tick":18,
                "easing": "EASEINOUTQUAD",
                "turn": 0,
                "leftArm":{
                    "x":5.0
                }
            },
            {
                "tick":23,
                "easing": "EASEINOUTQUAD",
                "turn": 0,
                "leftArm":{
                    "x":5.824329853057861
                }
            },
            {
                "tick":28,
                "easing": "EASEINOUTQUAD",
                "turn": 0,
                "leftArm":{
                    "x":5.824329853057861
                }
            },
            {
                "tick":29,
                "easing": "EASEINOUTQUAD",
                "turn": 0,
                "leftArm":{
                    "x":5.824329853057861
                }
            },
            {
                "tick":34,
                "easing": "EASEINOUTQUAD",
                "turn": 0,
                "leftArm":{
                    "x":5.412164688110352
                }
            },
            {
                "tick":39,
                "easing": "EASEINOUTQUAD",
                "turn": 0,
                "leftArm":{
                    "x":5.0
                }
            },
            {
                "tick":40,
                "easing": "EASEINOUTQUAD",
                "turn": 0,
                "leftArm":{
                    "x":5.0
                }
            },
            {
                "tick":50,
                "easing": "EASEINOUTQUAD",
                "turn": 0,
                "leftArm":{
                    "x":5.824329853057861
                }
            },
            {
                "tick":51,
                "easing": "EASEINOUTQUAD",
                "turn": 0,
                "leftArm":{
                    "x":5.824329853057861
                }
            },
            {
                "tick":61,
                "easing": "EASEINOUTQUAD",
                "turn": 0,
                "leftArm":{
                    "x":5.0
                }
            },
            {
                "tick":62,
                "easing": "EASEINOUTQUAD",
                "turn": 0,
                "leftArm":{
                    "x":5.0
                }
            },
            {
                "tick":72,
                "easing": "EASEINOUTQUAD",
                "turn": 0,
                "leftArm":{
                    "x":5.824329853057861
                }
            },
            {
                "tick":73,
                "easing": "EASEINOUTQUAD",
                "turn": 0,
                "leftArm":{
                    "x":5.824329853057861
                }
            },
            {
                "tick":77,
                "easing": "EASEINOUTQUAD",
                "turn": 0,
                "leftArm":{
                    "x":5.412164688110352
                }
            },
            {
                "tick":3,
                "easing": "EASEINOUTQUAD",
                "turn": 0,
                "leftArm":{
                    "z":-0.0
                }
            },
            {
                "tick":12,
                "easing": "EASEINOUTQUAD",
                "turn": 0,
                "leftArm":{
                    "z":0.9604308605194092
                }
            },
            {
                "tick":17,
                "easing": "EASEINOUTQUAD",
                "turn": 0,
                "leftArm":{
                    "z":-0.0
                }
            },
            {
                "tick":18,
                "easing": "EASEINOUTQUAD",
                "turn": 0,
                "leftArm":{
                    "z":-0.0
                }
            },
            {
                "tick":23,
                "easing": "EASEINOUTQUAD",
                "turn": 0,
                "leftArm":{
                    "z":0.9604308605194092
                }
            },
            {
                "tick":28,
                "easing": "EASEINOUTQUAD",
                "turn": 0,
                "leftArm":{
                    "z":0.5697057247161865
                }
            },
            {
                "tick":29,
                "easing": "EASEINOUTQUAD",
                "turn": 0,
                "leftArm":{
                    "z":0.5697057247161865
                }
            },
            {
                "tick":34,
                "easing": "EASEINOUTQUAD",
                "turn": 0,
                "leftArm":{
                    "z":0.28485286235809326
                }
            },
            {
                "tick":39,
                "easing": "EASEINOUTQUAD",
                "turn": 0,
                "leftArm":{
                    "z":-0.0
                }
            },
            {
                "tick":40,
                "easing": "EASEINOUTQUAD",
                "turn": 0,
                "leftArm":{
                    "z":-0.0
                }
            },
            {
                "tick":50,
                "easing": "EASEINOUTQUAD",
                "turn": 0,
                "leftArm":{
                    "z":0.5697057247161865
                }
            },
            {
                "tick":51,
                "easing": "EASEINOUTQUAD",
                "turn": 0,
                "leftArm":{
                    "z":0.5697057247161865
                }
            },
            {
                "tick":61,
                "easing": "EASEINOUTQUAD",
                "turn": 0,
                "leftArm":{
                    "z":-0.0
                }
            },
            {
                "tick":62,
                "easing": "EASEINOUTQUAD",
                "turn": 0,
                "leftArm":{
                    "z":-0.0
                }
            },
            {
                "tick":72,
                "easing": "EASEINOUTQUAD",
                "turn": 0,
                "leftArm":{
                    "z":0.5697057247161865
                }
            },
            {
                "tick":73,
                "easing": "EASEINOUTQUAD",
                "turn": 0,
                "leftArm":{
                    "z":0.5697057247161865
                }
            },
            {
                "tick":77,
                "easing": "EASEINOUTQUAD",
                "turn": 0,
                "leftArm":{
                    "z":0.28485286235809326
                }
            },
            {
                "tick":12,
                "easing": "EASEINOUTQUAD",
                "turn": 0,
                "leftArm":{
                    "y":2.0
                }
            },
            {
                "tick":17,
                "easing": "EASEINOUTQUAD",
                "turn": 0,
                "leftArm":{
                    "y":2.0
                }
            },
            {
                "tick":18,
                "easing": "EASEINOUTQUAD",
                "turn": 0,
                "leftArm":{
                    "y":2.0
                }
            },
            {
                "tick":23,
                "easing": "EASEINOUTQUAD",
                "turn": 0,
                "leftArm":{
                    "y":2.0
                }
            },
            {
                "tick":28,
                "easing": "EASEINOUTQUAD",
                "turn": 0,
                "leftArm":{
                    "y":2.034184455871582
                }
            },
            {
                "tick":29,
                "easing": "EASEINOUTQUAD",
                "turn": 0,
                "leftArm":{
                    "y":2.034184455871582
                }
            },
            {
                "tick":34,
                "easing": "EASEINOUTQUAD",
                "turn": 0,
                "leftArm":{
                    "y":2.017091751098633
                }
            },
            {
                "tick":39,
                "easing": "EASEINOUTQUAD",
                "turn": 0,
                "leftArm":{
                    "y":2.0
                }
            },
            {
                "tick":40,
                "easing": "EASEINOUTQUAD",
                "turn": 0,
                "leftArm":{
                    "y":2.0
                }
            },
            {
                "tick":50,
                "easing": "EASEINOUTQUAD",
                "turn": 0,
                "leftArm":{
                    "y":2.034184455871582
                }
            },
            {
                "tick":51,
                "easing": "EASEINOUTQUAD",
                "turn": 0,
                "leftArm":{
                    "y":2.034184455871582
                }
            },
            {
                "tick":61,
                "easing": "EASEINOUTQUAD",
                "turn": 0,
                "leftArm":{
                    "y":2.0
                }
            },
            {
                "tick":62,
                "easing": "EASEINOUTQUAD",
                "turn": 0,
                "leftArm":{
                    "y":2.0
                }
            },
            {
                "tick":72,
                "easing": "EASEINOUTQUAD",
                "turn": 0,
                "leftArm":{
                    "y":2.034184455871582
                }
            },
            {
                "tick":73,
                "easing": "EASEINOUTQUAD",
                "turn": 0,
                "leftArm":{
                    "y":2.034184455871582
                }
            },
            {
                "tick":77,
                "easing": "EASEINOUTQUAD",
                "turn": 0,
                "leftArm":{
                    "y":2.017091751098633
                }
            },
            {
                "tick":3,
                "easing": "EASEINOUTQUAD",
                "turn": 0,
                "leftArm":{
                    "pitch":-0.0
                }
            },
            {
                "tick":12,
                "easing": "EASEINOUTQUAD",
                "turn": 0,
                "leftArm":{
                    "pitch":-1.5707963705062866
                }
            },
            {
                "tick":17,
                "easing": "EASEINOUTQUAD",
                "turn": 0,
                "leftArm":{
                    "pitch":-1.3439035415649414
                }
            },
            {
                "tick":18,
                "easing": "EASEINOUTQUAD",
                "turn": 0,
                "leftArm":{
                    "pitch":-1.3439035415649414
                }
            },
            {
                "tick":23,
                "easing": "EASEINOUTQUAD",
                "turn": 0,
                "leftArm":{
                    "pitch":-1.5707963705062866
                }
            },
            {
                "tick":28,
                "easing": "EASEINOUTQUAD",
                "turn": 0,
                "leftArm":{
                    "pitch":-1.5707963705062866
                }
            },
            {
                "tick":29,
                "easing": "EASEINOUTQUAD",
                "turn": 0,
                "leftArm":{
                    "pitch":-1.5707963705062866
                }
            },
            {
                "tick":34,
                "easing": "EASEINOUTQUAD",
                "turn": 0,
                "leftArm":{
                    "pitch":-1.4573500156402588
                }
            },
            {
                "tick":39,
                "easing": "EASEINOUTQUAD",
                "turn": 0,
                "leftArm":{
                    "pitch":-1.3439035415649414
                }
            },
            {
                "tick":40,
                "easing": "EASEINOUTQUAD",
                "turn": 0,
                "leftArm":{
                    "pitch":-1.3439035415649414
                }
            },
            {
                "tick":50,
                "easing": "EASEINOUTQUAD",
                "turn": 0,
                "leftArm":{
                    "pitch":-1.5707963705062866
                }
            },
            {
                "tick":51,
                "easing": "EASEINOUTQUAD",
                "turn": 0,
                "leftArm":{
                    "pitch":-1.5707963705062866
                }
            },
            {
                "tick":61,
                "easing": "EASEINOUTQUAD",
                "turn": 0,
                "leftArm":{
                    "pitch":-1.3439035415649414
                }
            },
            {
                "tick":62,
                "easing": "EASEINOUTQUAD",
                "turn": 0,
                "leftArm":{
                    "pitch":-1.3439035415649414
                }
            },
            {
                "tick":72,
                "easing": "EASEINOUTQUAD",
                "turn": 0,
                "leftArm":{
                    "pitch":-1.5707963705062866
                }
            },
            {
                "tick":73,
                "easing": "EASEINOUTQUAD",
                "turn": 0,
                "leftArm":{
                    "pitch":-1.5707963705062866
                }
            },
            {
                "tick":77,
                "easing": "EASEINOUTQUAD",
                "turn": 0,
                "leftArm":{
                    "pitch":-1.4573500156402588
                }
            },
            {
                "tick":3,
                "easing": "EASEINOUTQUAD",
                "turn": 0,
                "leftArm":{
                    "roll":-0.0
                }
            },
            {
                "tick":12,
                "easing": "EASEINOUTQUAD",
                "turn": 0,
                "leftArm":{
                    "roll":-2.094395160675049
                }
            },
            {
                "tick":17,
                "easing": "EASEINOUTQUAD",
                "turn": 0,
                "leftArm":{
                    "roll":-1.570796251296997
                }
            },
            {
                "tick":18,
                "easing": "EASEINOUTQUAD",
                "turn": 0,
                "leftArm":{
                    "roll":-1.570796251296997
                }
            },
            {
                "tick":23,
                "easing": "EASEINOUTQUAD",
                "turn": 0,
                "leftArm":{
                    "roll":-2.094395160675049
                }
            },
            {
                "tick":28,
                "easing": "EASEINOUTQUAD",
                "turn": 0,
                "leftArm":{
                    "roll":-2.4434609413146973
                }
            },
            {
                "tick":29,
                "easing": "EASEINOUTQUAD",
                "turn": 0,
                "leftArm":{
                    "roll":-2.4434609413146973
                }
            },
            {
                "tick":34,
                "easing": "EASEINOUTQUAD",
                "turn": 0,
                "leftArm":{
                    "roll":-2.0071284770965576
                }
            },
            {
                "tick":39,
                "easing": "EASEINOUTQUAD",
                "turn": 0,
                "leftArm":{
                    "roll":-1.570796251296997
                }
            },
            {
                "tick":40,
                "easing": "EASEINOUTQUAD",
                "turn": 0,
                "leftArm":{
                    "roll":-1.570796251296997
                }
            },
            {
                "tick":50,
                "easing": "EASEINOUTQUAD",
                "turn": 0,
                "leftArm":{
                    "roll":-2.4434609413146973
                }
            },
            {
                "tick":51,
                "easing": "EASEINOUTQUAD",
                "turn": 0,
                "leftArm":{
                    "roll":-2.4434609413146973
                }
            },
            {
                "tick":61,
                "easing": "EASEINOUTQUAD",
                "turn": 0,
                "leftArm":{
                    "roll":-1.570796251296997
                }
            },
            {
                "tick":62,
                "easing": "EASEINOUTQUAD",
                "turn": 0,
                "leftArm":{
                    "roll":-1.570796251296997
                }
            },
            {
                "tick":72,
                "easing": "EASEINOUTQUAD",
                "turn": 0,
                "leftArm":{
                    "roll":-2.4434609413146973
                }
            },
            {
                "tick":73,
                "easing": "EASEINOUTQUAD",
                "turn": 0,
                "leftArm":{
                    "roll":-2.4434609413146973
                }
            },
            {
                "tick":77,
                "easing": "EASEINOUTQUAD",
                "turn": 0,
                "leftArm":{
                    "roll":-2.0071284770965576
                }
            },
            {
                "tick":3,
                "easing": "EASEINOUTQUAD",
                "turn": 0,
                "leftArm":{
                    "yaw":-0.0
                }
            },
            {
                "tick":12,
                "easing": "EASEINOUTQUAD",
                "turn": 0,
                "leftArm":{
                    "yaw":1.0471975803375244
                }
            },
            {
                "tick":17,
                "easing": "EASEINOUTQUAD",
                "turn": 0,
                "leftArm":{
                    "yaw":0.7853981852531433
                }
            },
            {
                "tick":18,
                "easing": "EASEINOUTQUAD",
                "turn": 0,
                "leftArm":{
                    "yaw":0.7853981852531433
                }
            },
            {
                "tick":23,
                "easing": "EASEINOUTQUAD",
                "turn": 0,
                "leftArm":{
                    "yaw":1.0471975803375244
                }
            },
            {
                "tick":28,
                "easing": "EASEINOUTQUAD",
                "turn": 0,
                "leftArm":{
                    "yaw":1.0471975803375244
                }
            },
            {
                "tick":29,
                "easing": "EASEINOUTQUAD",
                "turn": 0,
                "leftArm":{
                    "yaw":1.0471975803375244
                }
            },
            {
                "tick":34,
                "easing": "EASEINOUTQUAD",
                "turn": 0,
                "leftArm":{
                    "yaw":0.9162978529930115
                }
            },
            {
                "tick":39,
                "easing": "EASEINOUTQUAD",
                "turn": 0,
                "leftArm":{
                    "yaw":0.7853981852531433
                }
            },
            {
                "tick":40,
                "easing": "EASEINOUTQUAD",
                "turn": 0,
                "leftArm":{
                    "yaw":0.7853981852531433
                }
            },
            {
                "tick":50,
                "easing": "EASEINOUTQUAD",
                "turn": 0,
                "leftArm":{
                    "yaw":1.0471975803375244
                }
            },
            {
                "tick":51,
                "easing": "EASEINOUTQUAD",
                "turn": 0,
                "leftArm":{
                    "yaw":1.0471975803375244
                }
            },
            {
                "tick":61,
                "easing": "EASEINOUTQUAD",
                "turn": 0,
                "leftArm":{
                    "yaw":0.7853981852531433
                }
            },
            {
                "tick":62,
                "easing": "EASEINOUTQUAD",
                "turn": 0,
                "leftArm":{
                    "yaw":0.7853981852531433
                }
            },
            {
                "tick":72,
                "easing": "EASEINOUTQUAD",
                "turn": 0,
                "leftArm":{
                    "yaw":1.0471975803375244
                }
            },
            {
                "tick":73,
                "easing": "EASEINOUTQUAD",
                "turn": 0,
                "leftArm":{
                    "yaw":1.0471975803375244
                }
            },
            {
                "tick":77,
                "easing": "EASEINOUTQUAD",
                "turn": 0,
                "leftArm":{
                    "yaw":0.9162978529930115
                }
            },
            {
                "tick":3,
                "easing": "EASEINOUTQUAD",
                "turn": 0,
                "leftArm":{
                    "bend":-0.0
                }
            },
            {
                "tick":12,
                "easing": "EASEINOUTQUAD",
                "turn": 0,
                "leftArm":{
                    "bend":-0.4363323152065277
                }
            },
            {
                "tick":17,
                "easing": "EASEINOUTQUAD",
                "turn": 0,
                "leftArm":{
                    "bend":-1.2217304706573486
                }
            },
            {
                "tick":18,
                "easing": "EASEINOUTQUAD",
                "turn": 0,
                "leftArm":{
                    "bend":-1.2217304706573486
                }
            },
            {
                "tick":28,
                "easing": "EASEINOUTQUAD",
                "turn": 0,
                "leftArm":{
                    "bend":-0.13962633907794952
                }
            },
            {
                "tick":29,
                "easing": "EASEINOUTQUAD",
                "turn": 0,
                "leftArm":{
                    "bend":-0.13962633907794952
                }
            },
            {
                "tick":34,
                "easing": "EASEINOUTQUAD",
                "turn": 0,
                "leftArm":{
                    "bend":-0.6806783676147461
                }
            },
            {
                "tick":39,
                "easing": "EASEINOUTQUAD",
                "turn": 0,
                "leftArm":{
                    "bend":-1.2217304706573486
                }
            },
            {
                "tick":40,
                "easing": "EASEINOUTQUAD",
                "turn": 0,
                "leftArm":{
                    "bend":-1.2217304706573486
                }
            },
            {
                "tick":50,
                "easing": "EASEINOUTQUAD",
                "turn": 0,
                "leftArm":{
                    "bend":-0.13962633907794952
                }
            },
            {
                "tick":51,
                "easing": "EASEINOUTQUAD",
                "turn": 0,
                "leftArm":{
                    "bend":-0.13962633907794952
                }
            },
            {
                "tick":61,
                "easing": "EASEINOUTQUAD",
                "turn": 0,
                "leftArm":{
                    "bend":-1.2217304706573486
                }
            },
            {
                "tick":62,
                "easing": "EASEINOUTQUAD",
                "turn": 0,
                "leftArm":{
                    "bend":-1.2217304706573486
                }
            },
            {
                "tick":72,
                "easing": "EASEINOUTQUAD",
                "turn": 0,
                "leftArm":{
                    "bend":-0.13962633907794952
                }
            },
            {
                "tick":73,
                "easing": "EASEINOUTQUAD",
                "turn": 0,
                "leftArm":{
                    "bend":-0.13962633907794952
                }
            },
            {
                "tick":77,
                "easing": "EASEINOUTQUAD",
                "turn": 0,
                "leftArm":{
                    "bend":-0.6806783676147461
                }
            },
            {
                "tick":4,
                "easing": "EASEINOUTQUAD",
                "turn": 0,
                "rightLeg":{
                    "pitch":-0.0
                }
            },
            {
                "tick":16,
                "easing": "EASEINOUTQUAD",
                "turn": 0,
                "rightLeg":{
                    "pitch":-1.483529806137085
                }
            },
            {
                "tick":17,
                "easing": "EASEINOUTQUAD",
                "turn": 0,
                "rightLeg":{
                    "pitch":-1.483529806137085
                }
            },
            {
                "tick":22,
                "easing": "EASEINOUTQUAD",
                "turn": 0,
                "rightLeg":{
                    "pitch":-0.0
                }
            },
            {
                "tick":34,
                "easing": "EASEINOUTQUAD",
                "turn": 0,
                "rightLeg":{
                    "pitch":-0.0
                }
            },
            {
                "tick":38,
                "easing": "EASEINOUTQUAD",
                "turn": 0,
                "rightLeg":{
                    "pitch":-1.483529806137085
                }
            },
            {
                "tick":39,
                "easing": "EASEINOUTQUAD",
                "turn": 0,
                "rightLeg":{
                    "pitch":-1.483529806137085
                }
            },
            {
                "tick":44,
                "easing": "EASEINOUTQUAD",
                "turn": 0,
                "rightLeg":{
                    "pitch":-0.0
                }
            },
            {
                "tick":56,
                "easing": "EASEINOUTQUAD",
                "turn": 0,
                "rightLeg":{
                    "pitch":-0.0
                }
            },
            {
                "tick":60,
                "easing": "EASEINOUTQUAD",
                "turn": 0,
                "rightLeg":{
                    "pitch":-1.483529806137085
                }
            },
            {
                "tick":61,
                "easing": "EASEINOUTQUAD",
                "turn": 0,
                "rightLeg":{
                    "pitch":-1.483529806137085
                }
            },
            {
                "tick":66,
                "easing": "EASEINOUTQUAD",
                "turn": 0,
                "rightLeg":{
                    "pitch":-0.0
                }
            },
            {
                "tick":16,
                "easing": "EASEINOUTQUAD",
                "turn": 0,
                "rightLeg":{
                    "roll":0.0
                }
            },
            {
                "tick":17,
                "easing": "EASEINOUTQUAD",
                "turn": 0,
                "rightLeg":{
                    "roll":0.0
                }
            },
            {
                "tick":38,
                "easing": "EASEINOUTQUAD",
                "turn": 0,
                "rightLeg":{
                    "roll":0.0
                }
            },
            {
                "tick":39,
                "easing": "EASEINOUTQUAD",
                "turn": 0,
                "rightLeg":{
                    "roll":0.0
                }
            },
            {
                "tick":60,
                "easing": "EASEINOUTQUAD",
                "turn": 0,
                "rightLeg":{
                    "roll":0.0
                }
            },
            {
                "tick":61,
                "easing": "EASEINOUTQUAD",
                "turn": 0,
                "rightLeg":{
                    "roll":0.0
                }
            },
            {
                "tick":16,
                "easing": "EASEINOUTQUAD",
                "turn": 0,
                "rightLeg":{
                    "yaw":-0.0
                }
            },
            {
                "tick":17,
                "easing": "EASEINOUTQUAD",
                "turn": 0,
                "rightLeg":{
                    "yaw":-0.0
                }
            },
            {
                "tick":38,
                "easing": "EASEINOUTQUAD",
                "turn": 0,
                "rightLeg":{
                    "yaw":-0.0
                }
            },
            {
                "tick":39,
                "easing": "EASEINOUTQUAD",
                "turn": 0,
                "rightLeg":{
                    "yaw":-0.0
                }
            },
            {
                "tick":60,
                "easing": "EASEINOUTQUAD",
                "turn": 0,
                "rightLeg":{
                    "yaw":-0.0
                }
            },
            {
                "tick":61,
                "easing": "EASEINOUTQUAD",
                "turn": 0,
                "rightLeg":{
                    "yaw":-0.0
                }
            },
            {
                "tick":4,
                "easing": "EASEINOUTQUAD",
                "turn": 0,
                "rightLeg":{
                    "bend":-0.0
                }
            },
            {
                "tick":16,
                "easing": "EASEINOUTQUAD",
                "turn": 0,
                "rightLeg":{
                    "bend":1.5707963705062866
                }
            },
            {
                "tick":17,
                "easing": "EASEINOUTQUAD",
                "turn": 0,
                "rightLeg":{
                    "bend":1.5707963705062866
                }
            },
            {
                "tick":22,
                "easing": "EASEINOUTQUAD",
                "turn": 0,
                "rightLeg":{
                    "bend":-0.0
                }
            },
            {
                "tick":27,
                "easing": "EASEINOUTQUAD",
                "turn": 0,
                "rightLeg":{
                    "bend":-0.0
                }
            },
            {
                "tick":34,
                "easing": "EASEINOUTQUAD",
                "turn": 0,
                "rightLeg":{
                    "bend":-0.0
                }
            },
            {
                "tick":38,
                "easing": "EASEINOUTQUAD",
                "turn": 0,
                "rightLeg":{
                    "bend":1.5707963705062866
                }
            },
            {
                "tick":39,
                "easing": "EASEINOUTQUAD",
                "turn": 0,
                "rightLeg":{
                    "bend":1.5707963705062866
                }
            },
            {
                "tick":44,
                "easing": "EASEINOUTQUAD",
                "turn": 0,
                "rightLeg":{
                    "bend":-0.0
                }
            },
            {
                "tick":56,
                "easing": "EASEINOUTQUAD",
                "turn": 0,
                "rightLeg":{
                    "bend":-0.0
                }
            },
            {
                "tick":60,
                "easing": "EASEINOUTQUAD",
                "turn": 0,
                "rightLeg":{
                    "bend":1.5707963705062866
                }
            },
            {
                "tick":61,
                "easing": "EASEINOUTQUAD",
                "turn": 0,
                "rightLeg":{
                    "bend":1.5707963705062866
                }
            },
            {
                "tick":66,
                "easing": "EASEINOUTQUAD",
                "turn": 0,
                "rightLeg":{
                    "bend":-0.0
                }
            },
            {
                "tick":22,
                "easing": "EASEINOUTQUAD",
                "turn": 0,
                "leftLeg":{
                    "pitch":-0.0
                }
            },
            {
                "tick":27,
                "easing": "EASEINOUTQUAD",
                "turn": 0,
                "leftLeg":{
                    "pitch":-1.483529806137085
                }
            },
            {
                "tick":28,
                "easing": "EASEINOUTQUAD",
                "turn": 0,
                "leftLeg":{
                    "pitch":-1.483529806137085
                }
            },
            {
                "tick":34,
                "easing": "EASEINOUTQUAD",
                "turn": 0,
                "leftLeg":{
                    "pitch":-0.0
                }
            },
            {
                "tick":44,
                "easing": "EASEINOUTQUAD",
                "turn": 0,
                "leftLeg":{
                    "pitch":-0.0
                }
            },
            {
                "tick":49,
                "easing": "EASEINOUTQUAD",
                "turn": 0,
                "leftLeg":{
                    "pitch":-1.483529806137085
                }
            },
            {
                "tick":50,
                "easing": "EASEINOUTQUAD",
                "turn": 0,
                "leftLeg":{
                    "pitch":-1.483529806137085
                }
            },
            {
                "tick":55,
                "easing": "EASEINOUTQUAD",
                "turn": 0,
                "leftLeg":{
                    "pitch":-0.0
                }
            },
            {
                "tick":56,
                "easing": "EASEINOUTQUAD",
                "turn": 0,
                "leftLeg":{
                    "pitch":-0.0
                }
            },
            {
                "tick":66,
                "easing": "EASEINOUTQUAD",
                "turn": 0,
                "leftLeg":{
                    "pitch":-0.0
                }
            },
            {
                "tick":71,
                "easing": "EASEINOUTQUAD",
                "turn": 0,
                "leftLeg":{
                    "pitch":-1.483529806137085
                }
            },
            {
                "tick":72,
                "easing": "EASEINOUTQUAD",
                "turn": 0,
                "leftLeg":{
                    "pitch":-1.483529806137085
                }
            },
            {
                "tick":77,
                "easing": "EASEINOUTQUAD",
                "turn": 0,
                "leftLeg":{
                    "pitch":-0.0
                }
            },
            {
                "tick":27,
                "easing": "EASEINOUTQUAD",
                "turn": 0,
                "leftLeg":{
                    "roll":0.0
                }
            },
            {
                "tick":28,
                "easing": "EASEINOUTQUAD",
                "turn": 0,
                "leftLeg":{
                    "roll":0.0
                }
            },
            {
                "tick":34,
                "easing": "EASEINOUTQUAD",
                "turn": 0,
                "leftLeg":{
                    "roll":-0.0
                }
            },
            {
                "tick":49,
                "easing": "EASEINOUTQUAD",
                "turn": 0,
                "leftLeg":{
                    "roll":0.0
                }
            },
            {
                "tick":50,
                "easing": "EASEINOUTQUAD",
                "turn": 0,
                "leftLeg":{
                    "roll":0.0
                }
            },
            {
                "tick":55,
                "easing": "EASEINOUTQUAD",
                "turn": 0,
                "leftLeg":{
                    "roll":-0.0
                }
            },
            {
                "tick":56,
                "easing": "EASEINOUTQUAD",
                "turn": 0,
                "leftLeg":{
                    "roll":-0.0
                }
            },
            {
                "tick":71,
                "easing": "EASEINOUTQUAD",
                "turn": 0,
                "leftLeg":{
                    "roll":0.0
                }
            },
            {
                "tick":72,
                "easing": "EASEINOUTQUAD",
                "turn": 0,
                "leftLeg":{
                    "roll":0.0
                }
            },
            {
                "tick":77,
                "easing": "EASEINOUTQUAD",
                "turn": 0,
                "leftLeg":{
                    "roll":-0.0
                }
            },
            {
                "tick":27,
                "easing": "EASEINOUTQUAD",
                "turn": 0,
                "leftLeg":{
                    "yaw":-0.0
                }
            },
            {
                "tick":28,
                "easing": "EASEINOUTQUAD",
                "turn": 0,
                "leftLeg":{
                    "yaw":-0.0
                }
            },
            {
                "tick":49,
                "easing": "EASEINOUTQUAD",
                "turn": 0,
                "leftLeg":{
                    "yaw":-0.0
                }
            },
            {
                "tick":50,
                "easing": "EASEINOUTQUAD",
                "turn": 0,
                "leftLeg":{
                    "yaw":-0.0
                }
            },
            {
                "tick":71,
                "easing": "EASEINOUTQUAD",
                "turn": 0,
                "leftLeg":{
                    "yaw":-0.0
                }
            },
            {
                "tick":72,
                "easing": "EASEINOUTQUAD",
                "turn": 0,
                "leftLeg":{
                    "yaw":-0.0
                }
            },
            {
                "tick":15,
                "easing": "EASEINOUTQUAD",
                "turn": 0,
                "leftLeg":{
                    "bend":-0.0
                }
            },
            {
                "tick":22,
                "easing": "EASEINOUTQUAD",
                "turn": 0,
                "leftLeg":{
                    "bend":-0.0
                }
            },
            {
                "tick":27,
                "easing": "EASEINOUTQUAD",
                "turn": 0,
                "leftLeg":{
                    "bend":1.5707963705062866
                }
            },
            {
                "tick":28,
                "easing": "EASEINOUTQUAD",
                "turn": 0,
                "leftLeg":{
                    "bend":1.5707963705062866
                }
            },
            {
                "tick":34,
                "easing": "EASEINOUTQUAD",
                "turn": 0,
                "leftLeg":{
                    "bend":-0.0
                }
            },
            {
                "tick":44,
                "easing": "EASEINOUTQUAD",
                "turn": 0,
                "leftLeg":{
                    "bend":-0.0
                }
            },
            {
                "tick":49,
                "easing": "EASEINOUTQUAD",
                "turn": 0,
                "leftLeg":{
                    "bend":1.5707963705062866
                }
            },
            {
                "tick":50,
                "easing": "EASEINOUTQUAD",
                "turn": 0,
                "leftLeg":{
                    "bend":1.5707963705062866
                }
            },
            {
                "tick":55,
                "easing": "EASEINOUTQUAD",
                "turn": 0,
                "leftLeg":{
                    "bend":-0.0
                }
            },
            {
                "tick":56,
                "easing": "EASEINOUTQUAD",
                "turn": 0,
                "leftLeg":{
                    "bend":-0.0
                }
            },
            {
                "tick":66,
                "easing": "EASEINOUTQUAD",
                "turn": 0,
                "leftLeg":{
                    "bend":-0.0
                }
            },
            {
                "tick":71,
                "easing": "EASEINOUTQUAD",
                "turn": 0,
                "leftLeg":{
                    "bend":1.5707963705062866
                }
            },
            {
                "tick":72,
                "easing": "EASEINOUTQUAD",
                "turn": 0,
                "leftLeg":{
                    "bend":1.5707963705062866
                }
            },
            {
                "tick":77,
                "easing": "EASEINOUTQUAD",
                "turn": 0,
                "leftLeg":{
                    "bend":-0.0
                }
            }
        ]
    }
}